{
  "pue": {
    "mean": 87.23180954015034,
    "std": 0.18913607313611452,
    "min": 86.7584099952376,
    "max": 87.31603399906113,
    "ci_lower": 87.1641280656032,
    "ci_upper": 87.29949101469748,
    "boot_ci_lower": 87.16036396466045,
    "boot_ci_upper": 87.29744653226706,
    "n": 30
  },
  "phk": {
    "mean": 10.41478998807897,
    "std": 2.458897592729956,
    "min": 3.8336650262867367,
    "max": 11.50099507886021,
    "ci_lower": 9.53488478503185,
    "ci_upper": 11.294695191126092,
    "boot_ci_lower": 9.456373731507284,
    "boot_ci_upper": 11.245417410441098,
    "n": 30
  },
  "tokens_per_second": {
    "mean": 10.678226016641363,
    "std": 1.6283929419154057,
    "min": 8.077826236942565,
    "max": 13.869949252363392,
    "ci_lower": 10.095513086085441,
    "ci_upper": 11.260938947197284,
    "boot_ci_lower": 10.117212756817375,
    "boot_ci_upper": 11.300476607147134,
    "n": 30,
    "p_value": 1.026803683350173e-06
  },
  "pattern_overhead_percent": {
    "mean": 67.17512774665003,
    "std": 19.20893262436118,
    "min": 17.99309542406705,
    "max": 98.23612717915985,
    "ci_lower": 60.30129948672981,
    "ci_upper": 74.04895600657026,
    "boot_ci_lower": 59.83737288529895,
    "boot_ci_upper": 73.7397000623943,
    "n": 30
  },
  "patterns_detected": {
    "mean": 6.0,
    "std": 0.0,
    "min": 6.0,
    "max": 6.0,
    "ci_lower": 6.0,
    "ci_upper": 6.0,
    "boot_ci_lower": 6.0,
    "boot_ci_upper": 6.0,
    "n": 30
  },
  "pattern_prevalence": {
    "mean": 0.19757575757575757,
    "std": 0.04664698522398511,
    "min": 0.07272727272727272,
    "max": 0.21818181818181817,
    "ci_lower": 0.18088334829185684,
    "ci_upper": 0.2142681668596583,
    "boot_ci_lower": 0.1793939393939393,
    "boot_ci_upper": 0.21333333333333326,
    "n": 30
  },
  "perplexity": {
    "mean": 6.930361203404965,
    "std": 1.7763568394002505e-15,
    "min": 6.9303612034049635,
    "max": 6.9303612034049635,
    "ci_lower": 6.930361203404964,
    "ci_upper": 6.930361203404966,
    "boot_ci_lower": 6.930361203404965,
    "boot_ci_upper": 6.930361203404965,
    "n": 30,
    "p_value": 4.023783399117161e-09
  },
  "predictive_patterns_used": {
    "mean": 0.0,
    "std": 0.0,
    "min": 0.0,
    "max": 0.0,
    "ci_lower": 0.0,
    "ci_upper": 0.0,
    "boot_ci_lower": 0.0,
    "boot_ci_upper": 0.0,
    "n": 30
  },
  "token_cache_hits": {
    "mean": 0.0,
    "std": 0.0,
    "min": 0.0,
    "max": 0.0,
    "ci_lower": 0.0,
    "ci_upper": 0.0,
    "boot_ci_lower": 0.0,
    "boot_ci_upper": 0.0,
    "n": 30
  },
  "pattern_cache_hits": {
    "mean": 0.0,
    "std": 0.0,
    "min": 0.0,
    "max": 0.0,
    "ci_lower": 0.0,
    "ci_upper": 0.0,
    "boot_ci_lower": 0.0,
    "boot_ci_upper": 0.0,
    "n": 30
  },
  "session_cache_hits": {
    "mean": 310.4,
    "std": 26.10568265084572,
    "min": 172.0,
    "max": 324.0,
    "ci_lower": 301.0582014389329,
    "ci_upper": 319.74179856106707,
    "boot_ci_lower": 300.2991666666667,
    "boot_ci_upper": 316.33416666666665,
    "n": 30
  },
  "memory_usage_mb": {
    "mean": 0.00118255615234375,
    "std": 0.0,
    "min": 0.00118255615234375,
    "max": 0.00118255615234375,
    "ci_lower": 0.00118255615234375,
    "ci_upper": 0.00118255615234375,
    "boot_ci_lower": 0.00118255615234375,
    "boot_ci_upper": 0.00118255615234375,
    "n": 30
  }
}